City ID,City,Country,Date,Lat,Lng,Max Temp,Humidity,Cloudiness,Wind Speed,Current Description,Rain inches (last 3hrs),Snow inches (last 3hrs)
0,Colares,PT,2022-02-13 22:17:54,38.7992,-9.4469,56.39,76,27,20.0,scattered clouds,0.0,0.0
1,Bredasdorp,ZA,2022-02-13 22:19:25,-34.5322,20.0403,67.32,68,96,9.22,overcast clouds,0.0,0.0
2,Hasaki,JP,2022-02-13 22:19:15,35.7333,140.8333,36.28,81,100,31.65,overcast clouds,0.0,0.0
3,Muyezerskiy,RU,2022-02-13 22:26:56,63.9333,31.65,29.21,96,100,11.41,light snow,0.0,0.0
4,Souillac,MU,2022-02-13 22:19:58,-20.5167,57.5167,81.36,94,75,11.5,broken clouds,0.0,0.0
5,Gushi,CN,2022-02-13 22:26:56,34.6425,109.5843,38.23,73,41,8.48,scattered clouds,0.0,0.0
6,Teya,RU,2022-02-13 22:21:14,60.3778,92.6267,-19.44,100,16,3.49,few clouds,0.0,0.0
7,Busselton,AU,2022-02-13 22:19:34,-33.65,115.3333,62.04,77,0,11.72,clear sky,0.0,0.0
8,Barrow,US,2022-02-13 22:20:01,71.2906,-156.7887,-27.38,68,40,9.22,scattered clouds,0.0,0.0
9,Rikitea,PF,2022-02-13 22:20:03,-23.1203,-134.9692,78.51,71,74,12.59,light rain,0.0,0.0
10,Omaruru,NA,2022-02-13 22:26:56,-21.4333,15.9333,65.89,86,100,7.99,moderate rain,0.0,0.0
11,Bengkulu,ID,2022-02-13 22:19:41,-3.8004,102.2655,75.52,89,99,3.94,light rain,0.0,0.0
12,Avera,US,2022-02-13 22:22:14,33.194,-82.5271,58.87,29,7,17.74,clear sky,0.0,0.0
13,Athens,GR,2022-02-13 22:25:09,37.9795,23.7162,49.37,74,40,5.99,scattered clouds,0.0,0.0
14,Port Blair,IN,2022-02-13 22:21:17,11.6667,92.75,73.44,73,20,2.3,mist,0.0,0.0
15,Padang,ID,2022-02-13 22:22:19,-0.9492,100.3543,76.19,82,99,4.36,overcast clouds,0.0,0.0
16,Cockburn Town,TC,2022-02-13 22:26:57,21.4612,-71.1419,77.86,78,0,15.08,clear sky,0.0,0.0
17,Butaritari,KI,2022-02-13 22:19:55,3.0707,172.7902,81.55,77,60,12.77,light rain,0.0,0.0
18,Avarua,CK,2022-02-13 22:18:31,-21.2078,-159.775,80.65,78,75,3.44,broken clouds,0.0,0.0
19,Punta Alta,AR,2022-02-13 22:26:57,-38.8759,-62.0736,84.51,26,0,9.17,clear sky,0.0,0.0
20,Cidreira,BR,2022-02-13 22:20:15,-30.1811,-50.2056,69.21,93,100,1.88,overcast clouds,0.0,0.0
21,Norman Wells,CA,2022-02-13 22:20:32,65.282,-126.8329,-9.36,64,100,3.44,overcast clouds,0.0,0.0
22,Nioro,GM,2022-02-13 22:23:46,13.35,-15.75,80.02,11,35,7.78,scattered clouds,0.0,0.0
23,Port Alfred,ZA,2022-02-13 22:19:58,-33.5906,26.891,71.4,86,87,11.18,overcast clouds,0.0,0.0
24,Castro,BR,2022-02-13 22:18:26,-24.7911,-50.0119,66.65,92,35,5.44,scattered clouds,0.0,0.0
25,Dingli,MT,2022-02-13 22:26:58,35.8614,14.3822,49.82,93,20,1.14,few clouds,0.0,0.0
26,Antofagasta,CL,2022-02-13 22:22:33,-23.65,-70.4,74.21,59,85,9.28,overcast clouds,0.0,0.0
27,Nanortalik,GL,2022-02-13 22:20:54,60.1432,-45.2371,28.02,82,100,8.72,overcast clouds,0.0,0.0
28,Vaini,TO,2022-02-13 22:18:16,-21.2,-175.2,80.71,75,88,19.06,overcast clouds,0.0,0.0
29,Aswan,EG,2022-02-13 22:26:58,24.0934,32.907,63.7,29,0,6.91,clear sky,0.0,0.0
30,Albany,US,2022-02-13 22:19:59,42.6001,-73.9662,24.75,52,100,1.01,overcast clouds,0.0,0.0
31,Kapaa,US,2022-02-13 22:19:54,22.0752,-159.319,79.12,62,75,13.8,broken clouds,0.0,0.0
32,Paita,PE,2022-02-13 22:20:30,-5.0892,-81.1144,81.16,71,11,14.9,few clouds,0.0,0.0
33,Upata,VE,2022-02-13 22:25:44,8.0086,-62.3989,81.19,66,96,4.59,overcast clouds,0.0,0.0
34,Punta Arenas,CL,2022-02-13 22:20:03,-53.15,-70.9167,48.31,46,20,34.52,few clouds,0.0,0.0
35,Sobolevo,RU,2022-02-13 22:26:59,54.4299,31.8996,22.75,85,66,12.64,broken clouds,0.0,0.0
36,Tupiza,BO,2022-02-13 22:26:59,-21.45,-65.7167,66.51,46,94,6.73,overcast clouds,0.0,0.0
37,Santa Cruz,BO,2022-02-13 22:21:32,-17.8,-63.1667,82.45,51,90,9.22,overcast clouds,0.0,0.0
38,Tuktoyaktuk,CA,2022-02-13 22:20:16,69.4541,-133.0374,-32.8,68,75,3.44,broken clouds,0.0,0.0
39,New Norfolk,AU,2022-02-13 22:19:27,-42.7826,147.0587,62.1,70,94,2.37,overcast clouds,0.0,0.0
40,Najran,SA,2022-02-13 22:19:54,17.4924,44.1277,52.45,44,10,3.11,clear sky,0.0,0.0
41,Staryy Nadym,RU,2022-02-13 22:26:59,65.6118,72.6842,-17.39,98,99,8.63,overcast clouds,0.0,0.0
42,Tura,IN,2022-02-13 22:21:52,25.5198,90.2201,53.65,72,0,4.7,clear sky,0.0,0.0
43,Mandalgovi,MN,2022-02-13 22:22:17,45.7625,106.2708,-7.17,84,46,7.67,scattered clouds,0.0,0.0
44,Bluff,NZ,2022-02-13 22:19:34,-46.6,168.3333,59.81,71,18,2.98,few clouds,0.0,0.0
45,Hermanus,ZA,2022-02-13 22:18:25,-34.4187,19.2345,65.8,83,58,18.05,broken clouds,0.0,0.0
46,Severo-Kurilsk,RU,2022-02-13 22:19:58,50.6789,156.125,23.16,68,26,11.92,scattered clouds,0.0,0.0
47,Hobart,AU,2022-02-13 22:20:19,-42.8794,147.3294,62.46,77,100,10.36,light rain,0.0,0.0
48,Buala,SB,2022-02-13 22:20:11,-8.145,159.5921,80.82,82,96,7.34,light rain,0.0,0.0
49,Barentu,ER,2022-02-13 22:27:00,15.1139,37.5928,66.33,51,100,2.73,overcast clouds,0.0,0.0
50,Snasa,NO,2022-02-13 22:27:00,64.2457,12.3778,18.43,99,83,3.4,broken clouds,0.0,0.0
51,Mataura,NZ,2022-02-13 22:20:05,-46.1927,168.8643,60.48,62,26,2.35,scattered clouds,0.0,0.0
52,Namatanai,PG,2022-02-13 22:20:50,-3.6667,152.4333,81.27,76,100,4.7,overcast clouds,0.0,0.0
53,Kuytun,RU,2022-02-13 22:27:00,54.3419,101.5036,-27.29,100,100,3.15,overcast clouds,0.0,0.0
54,Moura,PT,2022-02-13 22:27:01,38.1401,-7.4486,53.71,86,100,8.05,overcast clouds,0.0,0.0
55,Lebu,CL,2022-02-13 22:16:00,-37.6167,-73.65,63.73,77,72,8.59,broken clouds,0.0,0.0
56,Acarau,BR,2022-02-13 22:20:10,-2.8856,-40.12,79.93,79,10,15.48,clear sky,0.0,0.0
57,Cape Town,ZA,2022-02-13 22:15:43,-33.9258,18.4232,68.41,83,20,21.85,few clouds,0.0,0.0
58,Port Lincoln,AU,2022-02-13 22:19:23,-34.7333,135.8667,66.97,82,96,10.09,overcast clouds,0.0,0.0
59,Palmer,US,2022-02-13 22:21:21,42.1584,-72.3287,29.91,60,75,10.36,broken clouds,0.0,0.0
60,Booue,GA,2022-02-13 22:27:01,-0.0921,11.9385,74.7,88,69,2.55,broken clouds,0.0,0.0
61,Polunochnoye,RU,2022-02-13 22:27:01,60.8697,60.4153,1.85,99,97,1.41,overcast clouds,0.0,0.0
62,Vanimo,PG,2022-02-13 22:27:02,-2.6741,141.3028,78.01,89,100,3.67,overcast clouds,0.0,0.0
63,Majene,ID,2022-02-13 22:27:02,-3.5403,118.9707,75.72,84,100,2.91,overcast clouds,0.0,0.0
64,Qaanaaq,GL,2022-02-13 22:20:22,77.484,-69.3632,-6.95,83,99,4.52,overcast clouds,0.0,0.0
65,Taltal,CL,2022-02-13 22:20:20,-25.4,-70.4833,70.38,70,19,6.38,few clouds,0.0,0.0
66,Lompoc,US,2022-02-13 22:18:29,34.6391,-120.4579,84.34,37,0,12.66,clear sky,0.0,0.0
67,De Aar,ZA,2022-02-13 22:26:18,-30.6497,24.0123,73.67,51,69,13.96,broken clouds,0.0,0.0
68,Lang Son,VN,2022-02-13 22:27:02,21.8333,106.7333,50.0,92,91,4.94,overcast clouds,0.0,0.0
69,Mackay,AU,2022-02-13 22:23:18,-21.15,149.2,81.68,73,42,21.5,scattered clouds,0.0,0.0
70,Bethel,US,2022-02-13 22:16:14,41.3712,-73.414,29.68,67,100,8.05,overcast clouds,0.0,0.0
71,Sur,OM,2022-02-13 22:27:03,22.5667,59.5289,71.55,70,0,11.48,clear sky,0.0,0.0
72,Sept-Iles,CA,2022-02-13 22:24:53,50.2001,-66.3821,2.05,63,40,6.91,scattered clouds,0.0,0.0
73,Bandarbeyla,SO,2022-02-13 22:20:25,9.4942,50.8122,74.41,67,31,14.99,scattered clouds,0.0,0.0
74,Launceston,AU,2022-02-13 22:27:03,-41.45,147.1667,66.15,84,86,5.75,overcast clouds,0.0,0.0
75,Champerico,GT,2022-02-13 22:19:10,14.3,-91.9167,93.74,58,1,12.88,clear sky,0.0,0.0
76,East London,ZA,2022-02-13 22:19:57,-33.0153,27.9116,72.91,83,83,10.13,broken clouds,0.0,0.0
77,Kloulklubed,PW,2022-02-13 22:22:05,7.0419,134.2556,81.18,81,100,22.41,moderate rain,0.0,0.0
78,Tilichiki,RU,2022-02-13 22:20:27,60.4667,166.1,-18.33,93,7,9.55,clear sky,0.0,0.0
79,Atuona,PF,2022-02-13 22:18:15,-9.8,-139.0333,77.97,78,22,12.91,light rain,0.0,0.0
80,Saskylakh,RU,2022-02-13 22:20:02,71.9167,114.0833,-17.57,88,41,3.0,scattered clouds,0.0,0.0
81,Hilo,US,2022-02-13 22:19:26,19.7297,-155.09,78.53,70,40,8.05,scattered clouds,0.0,0.0
82,Pevek,RU,2022-02-13 22:20:11,69.7008,170.3133,-17.21,98,100,9.44,overcast clouds,0.0,0.0
83,Victoria,HK,2022-02-13 22:20:19,22.2855,114.1577,60.24,82,100,10.0,overcast clouds,0.0,0.0
84,Bulawayo,ZW,2022-02-13 22:27:04,-20.15,28.5833,66.0,56,3,9.98,clear sky,0.0,0.0
85,Upernavik,GL,2022-02-13 22:19:54,72.7868,-56.1549,-5.93,97,100,13.91,overcast clouds,0.0,0.0
86,Torbay,CA,2022-02-13 22:17:25,47.6666,-52.7314,37.58,71,100,17.27,overcast clouds,0.0,0.0
87,Kavieng,PG,2022-02-13 22:20:39,-2.5744,150.7967,82.08,76,97,6.2,overcast clouds,0.0,0.0
88,Salalah,OM,2022-02-13 22:21:56,17.0151,54.0924,75.29,23,0,21.85,clear sky,0.0,0.0
89,Guerrero Negro,MX,2022-02-13 22:18:24,27.9769,-114.0611,82.27,18,15,6.87,few clouds,0.0,0.0
90,Aguimes,ES,2022-02-13 22:27:04,27.9054,-15.4461,61.43,68,20,15.01,few clouds,0.0,0.0
91,Kedougou,SN,2022-02-13 22:27:04,12.5579,-12.1743,81.18,22,0,0.0,clear sky,0.0,0.0
92,Chuy,UY,2022-02-13 22:20:08,-33.6971,-53.4616,66.72,50,1,10.09,clear sky,0.0,0.0
93,Walvis Bay,NA,2022-02-13 22:27:05,-22.9575,14.5053,74.08,83,5,5.75,light rain,0.0,0.0
94,Yellowknife,CA,2022-02-13 22:19:40,62.456,-114.3525,-10.71,65,20,4.61,few clouds,0.0,0.0
95,Arraial Do Cabo,BR,2022-02-13 22:19:34,-22.9661,-42.0278,76.86,88,20,16.11,few clouds,0.0,0.0
96,Kongolo,CD,2022-02-13 22:27:05,-5.3833,27.0,69.6,98,100,3.62,light rain,0.0,0.0
97,Ushuaia,AR,2022-02-13 22:19:55,-54.8,-68.3,38.86,87,75,28.77,broken clouds,0.0,0.0
98,Vardo,NO,2022-02-13 22:21:24,70.3705,31.1107,24.78,93,100,32.21,snow,0.0,0.0
99,Villablino,ES,2022-02-13 22:27:06,42.9393,-6.3194,38.17,89,100,7.94,overcast clouds,0.0,0.0
100,Nipawin,CA,2022-02-13 22:27:06,53.3668,-104.0009,10.44,72,0,9.22,clear sky,0.0,0.0
101,Tasiilaq,GL,2022-02-13 22:19:39,65.6145,-37.6368,21.36,82,100,12.93,overcast clouds,0.0,0.0
102,Moussoro,TD,2022-02-13 22:27:06,13.6408,16.4901,74.07,11,2,11.39,clear sky,0.0,0.0
103,Ternate,ID,2022-02-13 22:27:06,0.8,127.4,79.7,77,100,1.77,overcast clouds,0.0,0.0
104,Dryden,CA,2022-02-13 22:27:07,49.7833,-92.7503,-1.91,55,100,9.22,overcast clouds,0.0,0.0
105,Inyonga,TZ,2022-02-13 22:27:07,-6.7167,32.0667,63.61,94,100,3.51,light rain,0.0,0.0
106,Cao Bang,VN,2022-02-13 22:27:07,22.6667,106.25,48.18,94,7,1.86,clear sky,0.0,0.0
107,Belmonte,BR,2022-02-13 22:27:08,-15.8631,-38.8828,79.3,87,100,7.0,overcast clouds,0.0,0.0
108,Kodiak,US,2022-02-13 22:21:06,57.79,-152.4072,36.91,70,0,6.91,clear sky,0.0,0.0
109,Ribeira Grande,PT,2022-02-13 22:20:46,38.5167,-28.7,58.35,69,99,9.64,overcast clouds,0.0,0.0
110,Grindavik,IS,2022-02-13 22:21:48,63.8424,-22.4338,28.35,93,75,9.22,broken clouds,0.0,0.0
111,Hofn,IS,2022-02-13 22:20:12,64.2539,-15.2082,21.76,62,18,10.67,few clouds,0.0,0.0
112,Boizenburg,DE,2022-02-13 22:27:08,53.3833,10.7167,45.05,78,100,13.78,overcast clouds,0.0,0.0
113,Okha,RU,2022-02-13 22:27:09,53.5739,142.9478,-13.2,96,19,9.04,few clouds,0.0,0.0
114,Zhezkazgan,KZ,2022-02-13 22:21:57,47.8043,67.7144,29.91,98,100,15.17,light snow,0.0,0.0
115,Coquimbo,CL,2022-02-13 22:27:09,-29.9533,-71.3436,69.53,64,0,12.66,clear sky,0.0,0.0
116,Talnakh,RU,2022-02-13 22:19:59,69.4865,88.3972,-7.24,69,15,8.88,few clouds,0.0,0.0
117,Mar Del Plata,AR,2022-02-13 22:21:03,-38.0023,-57.5575,69.82,64,0,8.05,clear sky,0.0,0.0
118,Wawa,NG,2022-02-13 22:27:09,9.9022,4.4192,84.58,18,5,4.23,clear sky,0.0,0.0
119,Sungaipenuh,ID,2022-02-13 22:21:58,-2.0833,101.3833,61.75,91,81,2.84,broken clouds,0.0,0.0
120,Warri,NG,2022-02-13 22:23:56,5.5167,5.75,80.26,80,83,4.83,broken clouds,0.0,0.0
121,Minot,US,2022-02-13 22:23:51,48.2325,-101.2963,36.59,69,100,18.41,overcast clouds,0.0,0.0
122,Richards Bay,ZA,2022-02-13 22:21:39,-28.783,32.0377,75.87,92,70,5.08,broken clouds,0.0,0.0
123,Fuerte Olimpo,PY,2022-02-13 22:27:10,-21.0415,-57.8738,94.93,29,88,5.66,overcast clouds,0.0,0.0
124,Inongo,CD,2022-02-13 22:21:43,-1.95,18.2667,74.8,86,98,6.31,overcast clouds,0.0,0.0
125,Puerto Ayora,EC,2022-02-13 22:20:20,-0.7393,-90.3518,82.36,89,90,4.0,overcast clouds,0.0,0.0
126,Bonavista,CA,2022-02-13 22:20:17,48.6499,-53.1147,37.11,76,100,19.06,overcast clouds,0.0,0.0
127,Gazli,UZ,2022-02-13 22:27:10,40.1333,63.45,39.79,53,51,10.0,broken clouds,0.0,0.0
128,Saldanha,ZA,2022-02-13 22:19:25,-33.0117,17.9442,68.05,91,0,20.56,clear sky,0.0,0.0
129,Hithadhoo,MV,2022-02-13 22:20:19,-0.6,73.0833,82.22,72,83,11.03,broken clouds,0.0,0.0
130,Vrangel,RU,2022-02-13 22:27:11,42.7297,133.0839,15.76,53,99,6.44,overcast clouds,0.0,0.0
131,Herat,AF,2022-02-13 22:26:11,34.5,62.0,37.51,76,0,11.25,clear sky,0.0,0.0
132,Sesvete,HR,2022-02-13 22:27:11,45.8311,16.1164,38.66,76,0,0.0,clear sky,0.0,0.0
133,Aksu,CN,2022-02-13 22:20:31,41.1231,80.2644,28.08,40,11,5.28,few clouds,0.0,0.0
134,Nikolskoye,RU,2022-02-13 22:20:45,59.7035,30.7861,33.71,89,100,12.71,overcast clouds,0.0,0.0
135,Progreso,MX,2022-02-13 22:21:15,21.2833,-89.6667,74.1,70,80,17.47,broken clouds,0.0,0.0
136,Ilulissat,GL,2022-02-13 22:21:12,69.2167,-51.1,15.82,79,40,25.32,scattered clouds,0.0,0.0
137,Saint-Philippe,RE,2022-02-13 22:20:09,-21.3585,55.7679,78.39,88,40,11.01,scattered clouds,0.0,0.0
138,Daru,PG,2022-02-13 22:27:12,-9.0763,143.2092,81.34,77,33,10.11,scattered clouds,0.0,0.0
139,Bolivar,US,2022-02-13 22:24:46,37.6145,-93.4105,41.13,38,0,5.99,clear sky,0.0,0.0
140,North Platte,US,2022-02-13 22:27:12,41.1239,-100.7654,60.08,20,0,9.22,clear sky,0.0,0.0
141,Zhigansk,RU,2022-02-13 22:20:12,66.7697,123.3711,-37.1,100,55,1.68,broken clouds,0.0,0.0
142,Niquero,CU,2022-02-13 22:27:12,20.0431,-77.5828,80.67,68,36,6.38,scattered clouds,0.0,0.0
143,Alofi,NU,2022-02-13 22:21:05,-19.0595,-169.9187,84.09,70,100,9.22,overcast clouds,0.0,0.0
144,Port Elizabeth,ZA,2022-02-13 22:20:28,-33.918,25.5701,68.29,88,75,14.97,broken clouds,0.0,0.0
145,Tezu,IN,2022-02-13 22:27:12,27.9167,96.1667,52.41,43,0,5.06,clear sky,0.0,0.0
146,Ancud,CL,2022-02-13 22:20:49,-41.8697,-73.8203,77.23,75,13,4.68,few clouds,0.0,0.0
147,Cherskiy,RU,2022-02-13 22:20:31,68.75,161.3,-23.26,97,98,7.85,overcast clouds,0.0,0.0
148,Sulangan,PH,2022-02-13 22:27:13,11.1373,123.7228,79.07,82,100,12.3,overcast clouds,0.0,0.0
149,Gezing,AT,2022-02-13 22:27:13,47.9178,13.1299,33.35,75,0,6.91,clear sky,0.0,0.0
150,Dikson,RU,2022-02-13 22:20:38,73.5069,80.5464,-4.67,87,100,24.74,overcast clouds,0.0,0.0
151,Port Hedland,AU,2022-02-13 22:21:57,-20.3167,118.5667,80.65,74,7,9.22,clear sky,0.0,0.0
152,Puerto Madryn,AR,2022-02-13 22:22:19,-42.7692,-65.0385,82.29,26,0,17.31,clear sky,0.0,0.0
153,Aljezur,PT,2022-02-13 22:27:14,37.3191,-8.8033,57.09,93,100,10.94,overcast clouds,0.0,0.0
154,Nha Trang,VN,2022-02-13 22:27:14,12.25,109.1833,75.2,89,84,4.83,broken clouds,0.0,0.0
155,Lagoa,PT,2022-02-13 22:18:23,39.05,-27.9833,56.57,59,85,4.94,overcast clouds,0.0,0.0
156,Qasigiannguit,GL,2022-02-13 22:27:14,68.8193,-51.1922,16.05,88,100,14.56,overcast clouds,0.0,0.0
157,Ambon,ID,2022-02-13 22:27:14,-3.6954,128.1814,77.14,88,40,4.61,scattered clouds,0.0,0.0
158,Mantenopolis,BR,2022-02-13 22:23:54,-18.8625,-41.1228,71.42,92,27,5.53,scattered clouds,0.0,0.0
159,Pisco,PE,2022-02-13 22:21:50,-13.7,-76.2167,73.45,64,0,20.71,clear sky,0.0,0.0
160,Nalut,LY,2022-02-13 22:26:06,30.3333,10.85,53.83,28,22,12.15,few clouds,0.0,0.0
161,Vila Franca Do Campo,PT,2022-02-13 22:21:20,37.7167,-25.4333,60.19,74,8,5.12,clear sky,0.0,0.0
162,Praia,CV,2022-02-13 22:27:15,14.9215,-23.5087,72.14,78,0,17.27,clear sky,0.0,0.0
163,Xuanwu,CN,2022-02-13 22:27:15,32.069,118.8138,31.95,65,100,3.42,overcast clouds,0.0,0.0
164,Galway,IE,2022-02-13 22:27:15,53.2719,-9.0489,39.15,83,71,9.1,broken clouds,0.0,0.0
165,Atambua,ID,2022-02-13 22:27:16,-9.1061,124.8925,72.46,89,52,2.77,broken clouds,0.0,0.0
166,Laguna,US,2022-02-13 22:20:40,38.421,-121.4238,80.44,37,0,1.99,clear sky,0.0,0.0
167,General Pico,AR,2022-02-13 22:27:16,-35.6566,-63.7568,75.51,37,0,7.07,clear sky,0.0,0.0
168,Comodoro Rivadavia,AR,2022-02-13 22:26:17,-45.8667,-67.5,67.86,64,20,18.41,few clouds,0.0,0.0
169,Quartucciu,IT,2022-02-13 22:27:16,39.2519,9.1794,51.01,79,0,1.14,clear sky,0.0,0.0
170,Faanui,PF,2022-02-13 22:19:56,-16.4833,-151.75,80.76,74,100,14.63,light rain,0.0,0.0
171,Hibbing,US,2022-02-13 22:27:17,47.4272,-92.9377,5.58,29,100,4.61,overcast clouds,0.0,0.0
172,Presidencia Roque Saenz Pena,AR,2022-02-13 22:25:22,-26.7852,-60.4388,85.37,28,0,3.78,clear sky,0.0,0.0
173,Cabo San Lucas,MX,2022-02-13 22:20:23,22.8909,-109.9124,84.51,51,40,13.8,scattered clouds,0.0,0.0
174,Caravelas,BR,2022-02-13 22:22:29,-17.7125,-39.2481,76.68,84,77,6.78,broken clouds,0.0,0.0
175,Bauchi,NG,2022-02-13 22:27:17,10.5,10.0,70.61,15,18,6.73,few clouds,0.0,0.0
176,Borinskoye,RU,2022-02-13 22:27:17,52.4569,39.3713,17.49,91,58,7.99,broken clouds,0.0,0.0
177,Zaragoza,ES,2022-02-13 22:22:29,41.6561,-0.8773,54.01,79,75,6.91,light rain,0.0,0.0
178,Adelaide,AU,2022-02-13 22:23:48,-34.9333,138.6,78.22,44,0,0.0,clear sky,0.0,0.0
179,Fairbanks,US,2022-02-13 22:19:29,64.8378,-147.7164,14.23,81,100,3.44,light snow,0.0,0.0
180,San Patricio,US,2022-02-13 22:21:01,28.017,-97.5169,66.88,22,19,5.73,few clouds,0.0,0.0
181,Minggang,CN,2022-02-13 22:27:18,32.4586,114.0486,37.87,84,81,3.04,broken clouds,0.0,0.0
182,Guliston,UZ,2022-02-13 22:27:18,40.4897,68.7842,43.0,72,86,7.65,overcast clouds,0.0,0.0
183,Salobrena,ES,2022-02-13 22:27:18,36.7428,-3.5872,58.33,79,100,6.58,overcast clouds,0.0,0.0
184,Jamestown,US,2022-02-13 22:17:23,42.097,-79.2353,20.52,39,100,6.91,overcast clouds,0.0,0.0
185,Thompson,CA,2022-02-13 22:19:32,55.7435,-97.8558,-3.84,65,75,8.05,broken clouds,0.0,0.0
186,Matamba,TZ,2022-02-13 22:27:19,-8.9833,33.9667,55.35,89,100,4.43,overcast clouds,0.0,0.0
187,Opuwo,NA,2022-02-13 22:27:19,-18.0607,13.84,68.9,86,100,5.97,light rain,0.0,0.0
188,Bambous Virieux,MU,2022-02-13 22:19:53,-20.3428,57.7575,81.21,94,75,11.5,broken clouds,0.0,0.0
189,Chokurdakh,RU,2022-02-13 22:19:31,70.6333,147.9167,-6.77,93,100,9.31,overcast clouds,0.0,0.0
190,Morondava,MG,2022-02-13 22:21:45,-20.2833,44.2833,80.37,84,91,3.33,light rain,0.0,0.0
191,Kruisfontein,ZA,2022-02-13 22:19:33,-34.0033,24.7314,65.32,84,23,6.78,few clouds,0.0,0.0
192,Ekhabi,RU,2022-02-13 22:27:20,53.5102,142.9671,-14.21,97,16,9.17,few clouds,0.0,0.0
193,Ariyalur,IN,2022-02-13 22:27:20,11.1333,79.0833,71.76,84,15,5.61,few clouds,0.0,0.0
194,Geraldton,AU,2022-02-13 22:20:11,-28.7667,114.6,73.81,83,75,4.61,broken clouds,0.0,0.0
195,Esperance,AU,2022-02-13 22:20:14,-33.8667,121.9,62.29,73,26,9.89,scattered clouds,0.0,0.0
196,Te Anau,NZ,2022-02-13 22:20:39,-45.4167,167.7167,57.87,62,38,0.38,scattered clouds,0.0,0.0
197,Airai,TL,2022-02-13 22:19:56,-8.9266,125.4092,58.37,90,37,2.3,scattered clouds,0.0,0.0
198,Ponta Do Sol,PT,2022-02-13 22:20:55,32.6667,-17.1,62.71,69,97,2.48,overcast clouds,0.0,0.0
199,Birin,NP,2022-02-13 22:27:20,26.8865,88.0718,43.41,80,1,4.03,clear sky,0.0,0.0
200,Samarai,PG,2022-02-13 22:21:50,-10.6167,150.6667,81.61,72,34,5.88,scattered clouds,0.0,0.0
201,Dom Pedrito,BR,2022-02-13 22:18:52,-30.9828,-54.6731,75.45,22,0,9.28,clear sky,0.0,0.0
202,Beisfjord,NO,2022-02-13 22:27:21,68.3751,17.5988,30.25,93,100,7.7,light snow,0.0,0.0
203,Faya,SA,2022-02-13 22:20:54,18.3851,42.4509,52.32,45,70,2.75,broken clouds,0.0,0.0
204,Coihaique,CL,2022-02-13 22:27:21,-45.5752,-72.0662,76.95,33,0,9.22,clear sky,0.0,0.0
205,Rawson,AR,2022-02-13 22:18:13,-43.3002,-65.1023,85.33,22,0,23.44,clear sky,0.0,0.0
206,Ananas,HT,2022-02-13 22:27:21,19.2466,-71.9557,75.27,42,2,5.28,clear sky,0.0,0.0
207,Saint George,US,2022-02-13 22:21:04,37.1041,-113.5841,73.87,14,0,1.99,clear sky,0.0,0.0
208,Bowen,AU,2022-02-13 22:22:47,-20.0167,148.2333,80.64,63,21,18.54,few clouds,0.0,0.0
209,Ouesso,CG,2022-02-13 22:27:22,1.6136,16.0517,76.5,31,100,0.92,overcast clouds,0.0,0.0
210,Prince Albert,CA,2022-02-13 22:27:22,53.2001,-105.7677,15.75,67,20,18.41,few clouds,0.0,0.0
211,Iqaluit,CA,2022-02-13 22:20:22,63.7506,-68.5145,-14.31,68,100,5.75,light snow,0.0,0.0
212,Carnarvon,AU,2022-02-13 22:20:31,-24.8667,113.6333,75.27,88,3,0.0,clear sky,0.0,0.0
213,Indramayu,ID,2022-02-13 22:27:22,-6.3264,108.32,77.41,81,100,2.08,overcast clouds,0.0,0.0
214,Oriximina,BR,2022-02-13 22:27:23,-1.7656,-55.8661,79.86,79,86,0.69,overcast clouds,0.0,0.0
215,Alyangula,AU,2022-02-13 22:27:23,-13.8483,136.4192,78.67,100,24,3.44,few clouds,0.0,0.0
216,Marsh Harbour,BS,2022-02-13 22:27:23,26.5412,-77.0636,74.35,82,100,17.25,overcast clouds,0.0,0.0
217,Chicama,PE,2022-02-13 22:27:23,-7.8447,-79.1469,70.34,58,61,10.04,broken clouds,0.0,0.0
218,Mahebourg,MU,2022-02-13 22:20:00,-20.4081,57.7,81.25,94,75,11.5,broken clouds,0.0,0.0
219,Vasilyevskiy Mokh,RU,2022-02-13 22:27:24,57.0132,35.919,25.59,83,100,11.18,overcast clouds,0.0,0.0
220,Petropavlovsk-Kamchatskiy,RU,2022-02-13 22:27:24,53.0452,158.6483,18.19,53,75,8.95,broken clouds,0.0,0.0
221,San Matias,BO,2022-02-13 22:27:24,-16.3667,-58.4,78.42,85,100,4.79,overcast clouds,0.0,0.0
222,Eyl,SO,2022-02-13 22:27:24,7.9803,49.8164,74.28,68,90,15.95,overcast clouds,0.0,0.0
223,Narsaq,GL,2022-02-13 22:20:00,60.9167,-46.05,25.02,89,100,5.44,overcast clouds,0.0,0.0
224,Prince Rupert,CA,2022-02-13 22:27:25,54.3161,-130.3201,50.09,71,100,10.36,light rain,0.0,0.0
225,Ormara,PK,2022-02-13 22:25:00,25.2088,64.6357,70.43,74,5,8.99,clear sky,0.0,0.0
226,Grand Gaube,MU,2022-02-13 22:22:20,-20.0064,57.6608,81.37,77,91,8.99,overcast clouds,0.0,0.0
227,Manakara,MG,2022-02-13 22:27:25,-22.1333,48.0167,74.48,91,35,3.18,scattered clouds,0.0,0.0
228,Half Moon Bay,US,2022-02-13 22:27:25,37.4636,-122.4286,81.14,50,0,0.0,clear sky,0.0,0.0
229,Homer,US,2022-02-13 22:24:39,59.6425,-151.5483,35.76,81,40,8.01,scattered clouds,0.0,0.0
230,La Ronge,CA,2022-02-13 22:19:55,55.1001,-105.2842,12.45,62,20,10.36,few clouds,0.0,0.0
231,Leningradskiy,RU,2022-02-13 22:19:35,69.3833,178.4167,-17.23,92,94,6.17,overcast clouds,0.0,0.0
232,Asosa,ET,2022-02-13 22:27:26,10.0667,34.5333,69.85,24,44,5.46,scattered clouds,0.0,0.0
233,Longyearbyen,SJ,2022-02-13 22:20:03,78.2186,15.6401,15.64,92,75,1.14,light snow,0.0,0.0
234,Roald,NO,2022-02-13 22:20:17,62.5833,6.1333,42.17,100,75,14.97,broken clouds,0.0,0.0
235,Klaksvik,FO,2022-02-13 22:21:41,62.2266,-6.589,34.72,70,100,30.11,overcast clouds,0.0,0.0
236,Anadyr,RU,2022-02-13 22:20:53,64.75,177.4833,-32.3,75,0,8.95,clear sky,0.0,0.0
237,Malbug,PH,2022-02-13 22:27:26,9.7327,123.3402,78.08,83,100,8.79,overcast clouds,0.0,0.0
238,Camana,PE,2022-02-13 22:27:26,-16.6228,-72.7111,73.78,74,14,8.01,few clouds,0.0,0.0
239,Asau,RO,2022-02-13 22:20:46,46.4333,26.4,28.96,85,100,3.83,overcast clouds,0.0,0.0
240,Challans,FR,2022-02-13 22:27:27,46.8436,-1.8749,52.72,89,100,16.46,overcast clouds,0.0,0.0
241,Palmares Do Sul,BR,2022-02-13 22:27:27,-30.2578,-50.5097,69.15,91,100,5.99,overcast clouds,0.0,0.0
242,Verkhnevilyuysk,RU,2022-02-13 22:21:46,63.4453,120.3167,-22.79,100,100,2.06,overcast clouds,0.0,0.0
243,Khatanga,RU,2022-02-13 22:20:53,71.9667,102.5,-25.62,96,74,3.15,broken clouds,0.0,0.0
244,Isangel,VU,2022-02-13 22:21:12,-19.55,169.2667,84.31,84,40,6.91,scattered clouds,0.0,0.0
245,Meulaboh,ID,2022-02-13 22:27:27,4.1363,96.1285,76.26,89,94,5.23,overcast clouds,0.0,0.0
246,Acapulco,MX,2022-02-13 22:23:17,16.8634,-99.8901,87.62,62,40,4.61,scattered clouds,0.0,0.0
247,Merauke,ID,2022-02-13 22:27:28,-8.4667,140.3333,79.95,78,56,9.37,broken clouds,0.0,0.0
248,Argir,FO,2022-02-13 22:27:28,61.9959,-6.7715,32.97,70,100,29.46,overcast clouds,0.0,0.0
249,Katsuura,JP,2022-02-13 22:20:01,35.1333,140.3,39.22,96,100,27.45,light rain,0.0,0.0
250,Georgetown,MY,2022-02-13 22:17:10,5.4112,100.3354,79.9,90,40,5.75,thunderstorm,0.0,0.0
251,Coleraine,GB,2022-02-13 22:27:28,55.1333,-6.6667,44.64,90,100,16.13,light rain,0.0,0.0
252,Huarmey,PE,2022-02-13 22:27:29,-10.0681,-78.1522,75.74,72,9,11.21,clear sky,0.0,0.0
253,Yongan,CN,2022-02-13 22:27:29,39.6957,113.6871,1.0,92,65,0.63,broken clouds,0.0,0.0
254,Zhanaozen,KZ,2022-02-13 22:21:39,43.3,52.8,28.17,83,8,9.62,clear sky,0.0,0.0
255,Deputatskiy,RU,2022-02-13 22:27:29,69.3,139.9,-19.46,96,81,6.38,broken clouds,0.0,0.0
256,Pitkyaranta,RU,2022-02-13 22:27:29,61.5734,31.4792,31.51,98,100,15.93,snow,0.0,0.0
257,George,ZA,2022-02-13 22:27:30,-33.963,22.4617,65.75,94,40,3.44,scattered clouds,0.0,0.0
258,Nouakchott,MR,2022-02-13 22:27:30,18.0858,-15.9785,67.93,58,100,8.63,overcast clouds,0.0,0.0
259,Placido De Castro,BR,2022-02-13 22:27:30,-10.3353,-67.1856,74.5,96,100,2.06,overcast clouds,0.0,0.0
260,Sitka,US,2022-02-13 22:21:09,57.0531,-135.33,42.69,75,100,6.91,light rain,0.0,0.0
261,Necochea,AR,2022-02-13 22:21:42,-38.5473,-58.7368,72.03,46,0,5.99,clear sky,0.0,0.0
262,Marabba,SD,2022-02-13 22:27:30,12.35,32.1833,75.49,13,0,15.21,clear sky,0.0,0.0
263,Fort Frances,CA,2022-02-13 22:27:31,48.5999,-93.4003,4.15,46,100,4.61,overcast clouds,0.0,0.0
264,Itarema,BR,2022-02-13 22:21:04,-2.9248,-39.9167,79.7,78,8,14.05,clear sky,0.0,0.0
265,Saint-Francois,FR,2022-02-13 22:27:31,46.4154,3.9054,48.67,65,0,19.57,clear sky,0.0,0.0
266,Ucluelet,CA,2022-02-13 22:21:55,48.9329,-125.5528,52.09,65,99,1.01,overcast clouds,0.0,0.0
267,Tokomaru,NZ,2022-02-13 22:27:31,-40.4667,175.5,59.85,87,100,1.01,overcast clouds,0.0,0.0
268,Srednekolymsk,RU,2022-02-13 22:22:55,67.45,153.6833,-34.1,99,22,6.22,few clouds,0.0,0.0
269,Humaita,BR,2022-02-13 22:27:32,-7.5061,-63.0208,77.0,95,100,1.7,overcast clouds,0.0,0.0
270,Hay River,CA,2022-02-13 22:21:42,60.8156,-115.7999,-7.62,71,75,2.3,broken clouds,0.0,0.0
271,Vostok,RU,2022-02-13 22:27:32,46.4856,135.8833,1.47,99,100,0.69,overcast clouds,0.0,0.0
272,Mount Pleasant,US,2022-02-13 22:22:59,32.7941,-79.8626,64.54,55,20,8.05,few clouds,0.0,0.0
273,Bilma,NE,2022-02-13 22:27:32,18.6853,12.9164,68.16,11,0,7.45,clear sky,0.0,0.0
274,Novyy Urengoy,RU,2022-02-13 22:27:33,66.0833,76.6333,-13.74,100,89,8.55,overcast clouds,0.0,0.0
275,Ocean Springs,US,2022-02-13 22:24:42,30.4113,-88.8278,56.01,26,0,5.75,clear sky,0.0,0.0
276,Kieta,PG,2022-02-13 22:24:17,-6.2167,155.6333,80.76,80,75,1.88,broken clouds,0.0,0.0
277,Quesnel,CA,2022-02-13 22:27:33,52.9999,-122.5029,39.7,56,75,3.44,broken clouds,0.0,0.0
278,Port Hardy,CA,2022-02-13 22:20:40,50.6996,-127.4199,50.76,62,100,11.5,overcast clouds,0.0,0.0
279,Tutoia,BR,2022-02-13 22:27:33,-2.7619,-42.2744,84.18,81,8,13.56,moderate rain,0.0,0.0
280,Zwedru,LR,2022-02-13 22:16:16,6.0667,-8.1281,74.19,88,86,4.32,overcast clouds,0.0,0.0
281,Omsukchan,RU,2022-02-13 22:27:34,62.5333,155.8,-29.9,99,45,3.56,scattered clouds,0.0,0.0
282,Taitung,TW,2022-02-13 22:27:34,22.7583,121.1444,66.47,88,75,8.05,broken clouds,0.0,0.0
283,Bairiki,KI,2022-02-13 22:27:34,1.3292,172.9752,86.0,66,20,8.05,few clouds,0.0,0.0
284,Alice Springs,AU,2022-02-13 22:22:40,-23.7,133.8833,67.55,60,0,4.61,clear sky,0.0,0.0
285,Hervey Bay,AU,2022-02-13 22:26:13,-25.2986,152.8535,77.04,75,14,19.13,few clouds,0.0,0.0
286,Lalupon,NG,2022-02-13 22:27:35,7.4667,4.0667,79.09,72,5,3.47,clear sky,0.0,0.0
287,Kearney,US,2022-02-13 22:27:35,40.6995,-99.0815,45.16,35,0,17.27,clear sky,0.0,0.0
288,Saint-Joseph,RE,2022-02-13 22:20:27,-21.3667,55.6167,77.38,85,19,11.39,few clouds,0.0,0.0
289,Santa Isabel Do Rio Negro,BR,2022-02-13 22:27:35,-0.4139,-65.0192,77.04,92,99,1.66,overcast clouds,0.0,0.0
290,Miracema Do Tocantins,BR,2022-02-13 22:27:35,-9.5618,-48.3967,75.51,89,88,2.73,light rain,0.0,0.0
291,Archidona,ES,2022-02-13 22:27:36,37.0965,-4.3887,50.41,84,100,2.98,overcast clouds,0.0,0.0
292,Oeiras,BR,2022-02-13 22:27:36,-7.0253,-42.1311,73.24,92,100,1.92,overcast clouds,0.0,0.0
293,Yar-Sale,RU,2022-02-13 22:20:23,66.8333,70.8333,-16.06,97,100,8.57,overcast clouds,0.0,0.0
294,Abu Dhabi,AE,2022-02-13 22:27:36,24.4667,54.3667,63.97,77,75,3.44,broken clouds,0.0,0.0
295,Nome,US,2022-02-13 22:21:07,64.5011,-165.4064,-9.33,64,0,6.91,clear sky,0.0,0.0
296,Codrington,AU,2022-02-13 22:27:37,-38.2667,141.9667,64.83,75,75,7.9,broken clouds,0.0,0.0
297,Adre,TD,2022-02-13 22:27:37,13.4667,22.2,70.03,12,100,14.16,overcast clouds,0.0,0.0
298,Mount Gambier,AU,2022-02-13 22:20:37,-37.8333,140.7667,64.31,77,100,12.66,overcast clouds,0.0,0.0
299,Brora,GB,2022-02-13 22:27:37,58.0099,-3.8518,42.84,90,100,6.89,overcast clouds,0.0,0.0
300,Moron,AR,2022-02-13 22:27:37,-34.6534,-58.6198,78.55,31,0,7.94,clear sky,0.0,0.0
301,Bima,ID,2022-02-13 22:27:38,-8.4667,118.7167,75.45,92,94,1.95,overcast clouds,0.0,0.0
302,Tyret Pervaya,RU,2022-02-13 22:27:38,53.6703,102.3106,-28.91,100,100,3.31,overcast clouds,0.0,0.0
303,Los Llanos De Aridane,ES,2022-02-13 22:20:32,28.6585,-17.9182,60.55,72,0,8.99,clear sky,0.0,0.0
304,Pacific Grove,US,2022-02-13 22:21:45,36.6177,-121.9166,85.57,62,0,7.0,clear sky,0.0,0.0
305,Mabaruma,GY,2022-02-13 22:27:38,8.2,-59.7833,73.56,92,88,5.93,overcast clouds,0.0,0.0
306,Orichi,RU,2022-02-13 22:27:39,58.4036,49.0572,1.49,100,88,3.8,light snow,0.0,0.0
307,Jinxiang,CN,2022-02-13 22:27:39,27.4327,120.6062,48.58,88,100,6.42,overcast clouds,0.0,0.0
308,Oranjemund,NA,2022-02-13 22:20:14,-28.55,16.4333,65.77,86,0,9.19,clear sky,0.0,0.0
309,Siavonga,ZM,2022-02-13 22:27:39,-16.5382,28.7088,74.19,78,98,5.37,overcast clouds,0.0,0.0
310,Constitucion,CL,2022-02-13 22:24:09,-35.3333,-72.4167,65.46,76,57,7.25,broken clouds,0.0,0.0
311,Portland,US,2022-02-13 22:18:24,45.5234,-122.6762,66.06,43,20,9.22,few clouds,0.0,0.0
312,Veraval,IN,2022-02-13 22:27:40,20.9,70.3667,66.52,56,1,12.66,clear sky,0.0,0.0
313,Dawlatabad,AF,2022-02-13 22:27:40,36.4141,64.9053,41.18,60,10,2.84,clear sky,0.0,0.0
314,Luxor,EG,2022-02-13 22:27:40,25.6989,32.6421,59.05,38,0,3.44,clear sky,0.0,0.0
315,Liverpool,GB,2022-02-13 22:27:41,53.4106,-2.9779,46.69,90,40,5.99,scattered clouds,0.0,0.0
316,Jiuquan,CN,2022-02-13 22:27:41,39.7432,98.5174,24.53,58,100,5.79,overcast clouds,0.0,0.0
317,Hambantota,LK,2022-02-13 22:18:25,6.1241,81.1185,75.74,82,97,11.99,overcast clouds,0.0,0.0
318,Uige,AO,2022-02-13 22:27:41,-7.6087,15.0613,66.61,98,100,0.36,moderate rain,0.0,0.0
319,Neath,GB,2022-02-13 22:27:42,51.6632,-3.8044,48.34,90,100,1.01,overcast clouds,0.0,0.0
320,Naze,JP,2022-02-13 22:27:00,28.3667,129.4833,58.12,88,100,20.04,light rain,0.0,0.0
321,Sakakah,SA,2022-02-13 22:27:42,29.9697,40.2064,49.57,29,0,4.59,clear sky,0.0,0.0
322,Fortuna,US,2022-02-13 22:20:38,40.5982,-124.1573,75.42,100,75,11.5,broken clouds,0.0,0.0
323,Walla Walla,US,2022-02-13 22:27:43,46.0646,-118.343,58.08,53,0,4.61,clear sky,0.0,0.0
324,Chunskiy,RU,2022-02-13 22:27:43,56.0815,99.6342,-26.07,100,28,2.89,scattered clouds,0.0,0.0
325,Yokadouma,CM,2022-02-13 22:27:43,3.5167,15.05,71.11,33,87,1.45,overcast clouds,0.0,0.0
326,Babstovo,RU,2022-02-13 22:27:43,48.1167,132.4833,-2.65,99,100,0.98,overcast clouds,0.0,0.0
327,Kholtoson,RU,2022-02-13 22:27:44,50.2981,103.3097,-9.63,100,100,0.4,overcast clouds,0.0,0.0
328,Sioux Lookout,CA,2022-02-13 22:27:44,50.1001,-91.917,-1.82,55,100,3.44,overcast clouds,0.0,0.0
329,Tshikapa,CD,2022-02-13 22:27:44,-6.4167,20.8,70.23,97,100,2.71,overcast clouds,0.0,0.0
330,Soanierana Ivongo,MG,2022-02-13 22:27:44,-16.9167,49.5833,77.11,87,53,2.3,broken clouds,0.0,0.0
331,Havoysund,NO,2022-02-13 22:27:45,70.9963,24.6622,18.48,86,100,4.76,light snow,0.0,0.0
332,Taseyevo,RU,2022-02-13 22:27:45,57.2169,94.8978,-11.0,95,15,5.88,few clouds,0.0,0.0
333,Leopoldina,BR,2022-02-13 22:25:12,-21.5319,-42.6431,72.36,92,9,2.62,clear sky,0.0,0.0
334,Charlestown,AU,2022-02-13 22:27:08,-32.95,151.6667,75.72,71,94,3.0,overcast clouds,0.0,0.0
335,Aloleng,PH,2022-02-13 22:27:45,16.1307,119.7824,77.45,79,74,9.1,broken clouds,0.0,0.0
336,Batemans Bay,AU,2022-02-13 22:22:15,-35.7167,150.1833,77.2,60,100,5.06,overcast clouds,0.0,0.0
337,Provideniya,RU,2022-02-13 22:20:29,64.3833,-173.3,-5.69,65,0,6.71,clear sky,0.0,0.0
338,Bilibino,RU,2022-02-13 22:27:46,68.0546,166.4372,-32.19,100,86,2.51,overcast clouds,0.0,0.0
339,Inuvik,CA,2022-02-13 22:22:04,68.3499,-133.7218,-24.74,75,75,1.14,broken clouds,0.0,0.0
340,Malanje,AO,2022-02-13 22:27:46,-9.5402,16.341,64.67,95,100,5.48,light rain,0.0,0.0
341,Ponorogo,ID,2022-02-13 22:23:52,-7.8685,111.462,74.71,95,100,1.25,overcast clouds,0.0,0.0
342,Kedrovyy,RU,2022-02-13 22:21:11,56.1667,91.8167,-19.14,99,35,4.7,scattered clouds,0.0,0.0
343,Kabalo,CD,2022-02-13 22:27:46,-6.05,26.9167,69.48,96,100,2.33,overcast clouds,0.0,0.0
344,Flin Flon,CA,2022-02-13 22:27:47,54.7682,-101.865,8.44,66,75,11.5,broken clouds,0.0,0.0
345,Novobiryusinskiy,RU,2022-02-13 22:27:47,56.9578,97.7076,-19.79,99,10,3.98,clear sky,0.0,0.0
346,Vilhena,BR,2022-02-13 22:27:47,-12.7406,-60.1458,73.62,94,40,2.3,moderate rain,0.0,0.0
347,Kautokeino,NO,2022-02-13 22:27:47,69.0125,23.0412,-6.95,100,97,3.6,overcast clouds,0.0,0.0
348,Senlis,FR,2022-02-13 22:27:48,49.25,2.6667,55.47,74,100,19.22,overcast clouds,0.0,0.0
349,Lasa,IT,2022-02-13 22:27:48,46.6166,10.7002,29.66,63,1,2.17,clear sky,0.0,0.0
350,Hvolsvollur,IS,2022-02-13 22:27:48,63.7533,-20.2243,19.87,84,94,6.08,overcast clouds,0.0,0.0
351,Tiarei,PF,2022-02-13 22:27:48,-17.5333,-149.3333,87.82,75,82,15.75,broken clouds,0.0,0.0
352,Khromtau,KZ,2022-02-13 22:27:49,50.2503,58.4347,16.72,92,82,15.97,broken clouds,0.0,0.0
353,Kasongo,CD,2022-02-13 22:27:49,-4.45,26.6667,68.79,97,100,4.34,overcast clouds,0.0,0.0
354,Bubaque,GW,2022-02-13 22:25:14,11.2833,-15.8333,78.19,71,4,14.32,clear sky,0.0,0.0
355,Bathsheba,BB,2022-02-13 22:20:16,13.2167,-59.5167,79.41,69,20,17.27,few clouds,0.0,0.0
356,Nuevo Progreso,MX,2022-02-13 22:27:49,23.1667,-97.95,67.59,31,95,5.99,overcast clouds,0.0,0.0
357,Jihlava,CZ,2022-02-13 22:27:50,49.3961,15.5912,33.08,65,0,13.96,clear sky,0.0,0.0
358,Velez-Malaga,ES,2022-02-13 22:27:50,36.7726,-4.1005,57.79,80,100,4.68,overcast clouds,0.0,0.0
359,Preili,LV,2022-02-13 22:27:50,56.2944,26.7246,29.57,81,100,13.27,overcast clouds,0.0,0.0
360,Hamilton,US,2022-02-13 22:21:05,39.1834,-84.5333,28.24,76,100,10.36,overcast clouds,0.0,0.0
361,Iranshahr,IR,2022-02-13 22:27:50,27.2025,60.6848,59.68,52,26,3.27,scattered clouds,0.0,0.0
362,Paamiut,GL,2022-02-13 22:27:51,61.994,-49.6678,11.59,94,100,18.14,light snow,0.0,0.0
363,Igarka,RU,2022-02-13 22:27:51,67.4667,86.5833,-12.89,91,13,7.05,few clouds,0.0,0.0
364,Kerteminde,DK,2022-02-13 22:27:51,55.449,10.6577,40.32,74,100,22.82,overcast clouds,0.0,0.0
365,Kahului,US,2022-02-13 22:21:22,20.8947,-156.47,80.62,67,20,17.27,few clouds,0.0,0.0
366,San Lorenzo,PY,2022-02-13 22:27:52,-25.3333,-57.5333,86.94,43,0,8.05,clear sky,0.0,0.0
367,Saint-Augustin,CA,2022-02-13 22:19:28,51.226,-58.6502,-11.25,91,1,7.11,clear sky,0.0,0.0
368,Lincoln,US,2022-02-13 22:27:52,40.8,-96.667,36.18,38,0,10.0,clear sky,0.0,0.0
369,Christchurch,NZ,2022-02-13 22:18:28,-43.5333,172.6333,62.02,82,75,12.66,broken clouds,0.0,0.0
370,Arman,RU,2022-02-13 22:27:52,59.7,150.1667,-10.12,79,35,9.71,scattered clouds,0.0,0.0
371,Mikkeli,FI,2022-02-13 22:27:52,61.6886,27.2723,33.91,93,100,10.36,overcast clouds,0.0,0.0
372,Rio Verde De Mato Grosso,BR,2022-02-13 22:27:53,-18.9181,-54.8442,81.61,63,74,1.86,broken clouds,0.0,0.0
373,Devonport,AU,2022-02-13 22:24:01,-41.1667,146.35,67.01,71,78,2.35,broken clouds,0.0,0.0
374,Pirovskoye,RU,2022-02-13 22:27:53,57.6267,92.2658,-5.84,94,72,10.33,broken clouds,0.0,0.0
375,Robertson,US,2022-02-13 22:24:09,36.5167,-86.8667,43.38,35,0,9.22,clear sky,0.0,0.0
376,Ochakiv,UA,2022-02-13 22:27:53,46.6128,31.5498,26.74,62,49,6.24,scattered clouds,0.0,0.0
377,Lufilufi,WS,2022-02-13 22:27:54,-13.8745,-171.5986,91.18,79,52,8.77,light rain,0.0,0.0
378,Muros,ES,2022-02-13 22:21:30,42.7762,-9.0603,51.84,76,13,19.17,few clouds,0.0,0.0
379,Sao Filipe,CV,2022-02-13 22:21:24,14.8961,-24.4956,74.35,64,55,11.45,broken clouds,0.0,0.0
380,Cabedelo,BR,2022-02-13 22:27:54,-6.9811,-34.8339,83.07,77,9,11.27,clear sky,0.0,0.0
381,Moranbah,AU,2022-02-13 22:27:54,-22.0016,148.0466,74.23,67,22,21.97,few clouds,0.0,0.0
382,Onverwacht,SR,2022-02-13 22:27:55,5.5833,-55.1833,80.46,100,40,5.75,scattered clouds,0.0,0.0
383,Gravdal,NO,2022-02-13 22:27:55,68.1214,13.5031,32.25,62,93,24.58,light snow,0.0,0.0
384,Nhamunda,BR,2022-02-13 22:27:55,-2.1861,-56.7131,77.25,91,52,1.81,broken clouds,0.0,0.0
385,Praya,CV,2022-02-13 22:27:55,14.9215,-23.5087,72.14,78,0,17.27,clear sky,0.0,0.0
386,Labuhan,ID,2022-02-13 22:27:56,-6.8844,112.2051,75.7,91,100,5.35,overcast clouds,0.0,0.0
387,Poreba,PL,2022-02-13 22:27:56,50.4883,19.339,32.76,75,0,6.91,clear sky,0.0,0.0
388,Sibolga,ID,2022-02-13 22:27:56,1.7427,98.7792,75.09,89,81,3.51,broken clouds,0.0,0.0
389,Roma,US,2022-02-13 22:22:41,43.2128,-75.4557,20.12,68,100,10.36,overcast clouds,0.0,0.0
390,Leh,IN,2022-02-13 22:20:28,34.1667,77.5833,0.82,86,85,1.5,overcast clouds,0.0,0.0
391,Turayf,SA,2022-02-13 22:26:27,31.6725,38.6637,43.05,52,0,5.75,clear sky,0.0,0.0
392,Portneuf,CA,2022-02-13 22:27:56,46.6906,-71.8901,6.82,72,91,1.14,overcast clouds,0.0,0.0
393,Labrea,BR,2022-02-13 22:27:57,-7.2586,-64.7981,74.21,98,100,0.58,overcast clouds,0.0,0.0
394,Otane,NZ,2022-02-13 22:27:57,-39.8833,176.6333,61.02,69,71,9.08,broken clouds,0.0,0.0
395,Gien,FR,2022-02-13 22:27:57,47.6933,2.6309,53.42,71,100,19.86,overcast clouds,0.0,0.0
396,Touros,BR,2022-02-13 22:20:53,-5.1989,-35.4608,83.3,76,8,12.95,clear sky,0.0,0.0
397,Mayo,US,2022-02-13 22:21:36,38.8876,-76.5119,35.19,73,100,9.22,overcast clouds,0.0,0.0
398,Seoul,KR,2022-02-13 22:27:58,37.5683,126.9778,27.79,90,0,2.3,clear sky,0.0,0.0
399,Lorengau,PG,2022-02-13 22:19:12,-2.0226,147.2712,81.57,78,100,2.89,overcast clouds,0.0,0.0
400,Tiksi,RU,2022-02-13 22:20:56,71.6872,128.8694,-12.62,93,10,11.86,clear sky,0.0,0.0
401,Port Macquarie,AU,2022-02-13 22:22:22,-31.4333,152.9167,69.89,69,63,2.77,broken clouds,0.0,0.0
402,Lokosovo,RU,2022-02-13 22:27:58,61.1333,74.8167,-8.18,99,97,6.89,overcast clouds,0.0,0.0
403,Frauenfeld,CH,2022-02-13 22:27:58,47.5582,8.8985,36.25,81,0,3.67,clear sky,0.0,0.0
404,Yaan,NG,2022-02-13 22:27:59,7.3833,8.5667,84.96,12,100,2.51,overcast clouds,0.0,0.0
405,Antalaha,MG,2022-02-13 22:20:43,-14.9003,50.2788,73.72,94,41,5.08,scattered clouds,0.0,0.0
406,Khandbari,NP,2022-02-13 22:20:57,27.3747,87.2039,49.93,66,23,3.62,few clouds,0.0,0.0
407,Mahdalynivka,UA,2022-02-13 22:27:59,48.921,34.9156,27.16,73,6,5.28,clear sky,0.0,0.0
408,Ashington,GB,2022-02-13 22:27:59,50.9331,-0.3909,50.72,89,100,8.01,light rain,0.0,0.0
409,Dombarovskiy,RU,2022-02-13 22:27:59,50.7587,59.5386,15.51,96,93,11.23,light snow,0.0,0.0
410,General Roca,AR,2022-02-13 22:23:08,-39.0333,-67.5833,91.8,9,47,8.57,scattered clouds,0.0,0.0
411,Berdsk,RU,2022-02-13 22:28:00,54.7551,83.0967,22.6,87,100,15.57,overcast clouds,0.0,0.0
412,Zhuhai,CN,2022-02-13 22:28:00,22.2769,113.5678,59.97,82,40,16.11,scattered clouds,0.0,0.0
413,Nagapattinam,IN,2022-02-13 22:28:00,10.7667,79.8333,75.42,78,12,8.95,few clouds,0.0,0.0
414,Axim,GH,2022-02-13 22:28:00,4.8699,-2.2405,78.37,88,11,6.06,light rain,0.0,0.0
415,Phek,IN,2022-02-13 22:28:01,25.6667,94.5,33.75,85,0,1.74,clear sky,0.0,0.0
416,Ostrovnoy,RU,2022-02-13 22:20:06,68.0531,39.5131,18.73,65,100,21.88,overcast clouds,0.0,0.0
417,Dalbandin,PK,2022-02-13 22:28:01,28.8947,64.4101,54.66,48,59,8.08,broken clouds,0.0,0.0
418,Tadine,NC,2022-02-13 22:22:32,-21.55,167.8833,82.22,77,99,7.96,overcast clouds,0.0,0.0
419,Lucea,JM,2022-02-13 22:24:36,18.451,-78.1736,82.26,66,14,11.45,few clouds,0.0,0.0
420,Santa Lucia,ES,2022-02-13 22:28:01,27.9117,-15.5407,56.52,68,20,14.97,few clouds,0.0,0.0
421,Abu Kamal,SY,2022-02-13 22:28:02,34.4506,40.9171,54.1,37,0,4.47,clear sky,0.0,0.0
422,Porto Velho,BR,2022-02-13 22:28:02,-8.7619,-63.9039,77.05,88,100,5.75,overcast clouds,0.0,0.0
423,Epe,NG,2022-02-13 22:28:02,6.5841,3.9834,79.14,85,15,5.21,few clouds,0.0,0.0
424,Shenjiamen,CN,2022-02-13 22:20:39,29.9576,122.298,43.39,77,63,15.73,broken clouds,0.0,0.0
425,Tikapur,NP,2022-02-13 22:28:06,28.5,81.1333,53.83,82,0,4.0,clear sky,0.0,0.0
426,Egvekinot,RU,2022-02-13 22:22:19,66.3167,-179.1667,-18.44,92,75,6.8,broken clouds,0.0,0.0
427,Lucero,PH,2022-02-13 22:28:06,16.4051,119.9124,79.12,78,73,8.28,broken clouds,0.0,0.0
428,Rio Grande,BR,2022-02-13 22:21:29,-32.035,-52.0986,69.94,48,0,14.43,clear sky,0.0,0.0
429,Sorland,NO,2022-02-13 22:21:33,67.667,12.6934,33.21,55,100,23.17,overcast clouds,0.0,0.0
430,Boralday,KZ,2022-02-13 22:25:21,43.3578,76.8594,24.66,93,75,4.47,mist,0.0,0.0
431,Derzhavinsk,KZ,2022-02-13 22:28:07,51.1,66.3167,19.65,96,100,9.35,snow,0.0,0.0
432,Naryan-Mar,RU,2022-02-13 22:22:07,67.6713,53.087,-1.19,99,54,8.48,broken clouds,0.0,0.0
433,Oussouye,SN,2022-02-13 22:28:07,12.485,-16.5469,75.29,26,4,4.61,clear sky,0.0,0.0
434,Neuquen,AR,2022-02-13 22:27:00,-38.9516,-68.0591,91.29,18,0,4.61,clear sky,0.0,0.0
435,Todos Santos,MX,2022-02-13 22:28:07,23.45,-110.2167,84.0,58,100,5.28,overcast clouds,0.0,0.0
436,Manzhouli,CN,2022-02-13 22:28:08,49.6,117.4333,-20.42,99,53,5.03,broken clouds,0.0,0.0
437,Kolkwitz,DE,2022-02-13 22:28:08,51.75,14.25,40.98,70,23,1.99,few clouds,0.0,0.0
438,Miri,MY,2022-02-13 22:21:56,4.4148,114.0089,77.14,100,40,3.44,scattered clouds,0.0,0.0
439,Namibe,AO,2022-02-13 22:20:23,-15.1961,12.1522,75.18,80,100,1.01,overcast clouds,0.0,0.0
440,Sola,VU,2022-02-13 22:22:13,-13.8833,167.55,82.15,77,100,19.26,overcast clouds,0.0,0.0
441,Alliance,US,2022-02-13 22:28:08,40.9153,-81.1059,23.16,78,100,9.95,light snow,0.0,0.0
442,Cajazeiras,BR,2022-02-13 22:26:02,-6.8903,-38.5553,79.0,53,53,2.04,broken clouds,0.0,0.0
443,Champasak,LA,2022-02-13 22:28:08,14.75,106.0,73.9,77,94,2.04,overcast clouds,0.0,0.0
444,Mocuba,MZ,2022-02-13 22:28:09,-16.8392,36.9856,72.3,99,90,1.16,light rain,0.0,0.0
445,Dali,CN,2022-02-13 22:28:09,25.7,100.1833,38.34,62,0,2.95,clear sky,0.0,0.0
446,Kovdor,RU,2022-02-13 22:28:09,67.5662,30.4758,11.59,96,100,4.83,light snow,0.0,0.0
447,Statesboro,US,2022-02-13 22:27:04,32.4488,-81.7832,61.92,26,40,14.97,scattered clouds,0.0,0.0
448,Yerbogachen,RU,2022-02-13 22:19:57,61.2767,108.0108,-30.28,100,89,3.27,overcast clouds,0.0,0.0
449,Rivadavia,AR,2022-02-13 22:26:23,-33.1905,-68.4608,86.47,20,0,8.59,clear sky,0.0,0.0
450,Kaitangata,NZ,2022-02-13 22:20:09,-46.2817,169.8464,60.93,69,8,0.2,clear sky,0.0,0.0
451,Bela,IN,2022-02-13 22:28:10,25.9333,81.9833,51.85,63,0,2.1,clear sky,0.0,0.0
452,Maputo,MZ,2022-02-13 22:28:10,-25.9653,32.5892,79.23,80,0,1.01,clear sky,0.0,0.0
453,Ulladulla,AU,2022-02-13 22:28:10,-35.35,150.4667,72.88,62,100,7.58,overcast clouds,0.0,0.0
454,Kavaratti,IN,2022-02-13 22:20:54,10.5669,72.642,80.2,72,40,4.0,scattered clouds,0.0,0.0
455,Poplar Bluff,US,2022-02-13 22:28:11,36.757,-90.3929,45.99,48,0,8.05,clear sky,0.0,0.0
456,Gazojak,TM,2022-02-13 22:28:11,41.1875,61.4036,40.41,84,98,19.89,overcast clouds,0.0,0.0
457,Mbaiki,CF,2022-02-13 22:28:11,3.8678,17.9892,75.58,26,100,2.28,overcast clouds,0.0,0.0
458,Darlowo,PL,2022-02-13 22:28:12,54.421,16.4107,40.95,74,100,17.72,overcast clouds,0.0,0.0
459,Okhotsk,RU,2022-02-13 22:28:12,59.3833,143.3,-14.66,79,1,11.45,clear sky,0.0,0.0
460,Mehamn,NO,2022-02-13 22:20:08,71.0357,27.8492,22.91,93,100,15.28,light snow,0.0,0.0
461,Tuatapere,NZ,2022-02-13 22:19:31,-46.1333,167.6833,59.83,56,33,2.13,scattered clouds,0.0,0.0
462,Estelle,US,2022-02-13 22:28:12,29.8458,-90.1067,57.25,28,0,12.66,clear sky,0.0,0.0
463,Amapa,BR,2022-02-13 22:28:12,1.0,-52.0,73.51,97,90,3.53,moderate rain,0.0,0.0
464,Camacari,BR,2022-02-13 22:25:35,-12.6975,-38.3242,80.37,81,100,7.05,overcast clouds,0.0,0.0
465,Dunedin,NZ,2022-02-13 22:22:05,-45.8742,170.5036,57.56,67,3,3.11,clear sky,0.0,0.0
466,Kozan,TR,2022-02-13 22:28:13,37.4552,35.8157,40.1,71,67,4.79,broken clouds,0.0,0.0
467,Buraydah,SA,2022-02-13 22:21:16,26.326,43.975,46.85,29,0,6.42,clear sky,0.0,0.0
468,Beringovskiy,RU,2022-02-13 22:20:30,63.05,179.3167,-24.93,96,16,7.09,few clouds,0.0,0.0
469,Kudahuvadhoo,MV,2022-02-13 22:28:13,2.6708,72.8944,80.85,79,100,10.04,overcast clouds,0.0,0.0
470,Gamba,GA,2022-02-13 22:28:13,-2.65,10.0,77.25,87,98,2.3,light rain,0.0,0.0
471,Sokoni,TZ,2022-02-13 22:21:02,-6.4333,39.55,79.61,80,95,9.57,overcast clouds,0.0,0.0
472,Simpang,ID,2022-02-13 22:28:14,-1.2667,104.0833,73.87,98,96,0.94,overcast clouds,0.0,0.0
473,Ola,RU,2022-02-13 22:28:14,59.5833,151.2833,-7.35,79,70,10.16,broken clouds,0.0,0.0
474,Aleksandrovsk-Sakhalinskiy,RU,2022-02-13 22:28:14,50.8975,142.1561,-7.24,99,92,4.61,overcast clouds,0.0,0.0
475,Wiwili,NI,2022-02-13 22:28:15,13.6268,-85.8254,84.94,51,41,13.69,scattered clouds,0.0,0.0
476,Pandan,PH,2022-02-13 22:28:15,14.0453,124.1694,75.81,85,45,9.26,scattered clouds,0.0,0.0
477,Oktyabrskoye,RU,2022-02-13 22:28:15,43.0645,44.7417,28.54,86,15,11.18,few clouds,0.0,0.0
478,Grand-Santi,GF,2022-02-13 22:20:59,4.25,-54.3833,73.78,98,40,3.04,scattered clouds,0.0,0.0
479,Mosquera,CO,2022-02-13 22:26:55,4.7059,-74.2302,62.69,67,40,10.36,scattered clouds,0.0,0.0
480,Biritiba-Mirim,BR,2022-02-13 22:28:16,-23.5698,-46.0407,73.18,96,50,3.22,scattered clouds,0.0,0.0
481,Atar,MR,2022-02-13 22:28:16,20.5169,-13.0499,69.89,19,100,9.8,overcast clouds,0.0,0.0
482,Sisimiut,GL,2022-02-13 22:28:16,66.9395,-53.6735,2.07,95,100,26.8,overcast clouds,0.0,0.0
483,Kargasok,RU,2022-02-13 22:21:32,59.0556,80.8572,5.52,94,100,13.82,overcast clouds,0.0,0.0
484,Vuktyl,RU,2022-02-13 22:28:17,63.8567,57.3094,3.99,98,100,3.44,overcast clouds,0.0,0.0
485,Lardos,GR,2022-02-13 22:28:17,36.0942,28.0157,57.02,78,1,13.58,clear sky,0.0,0.0
486,Tevaitoa,PF,2022-02-13 22:28:17,-16.7833,-151.5,80.85,74,100,15.19,light rain,0.0,0.0
487,Rognan,NO,2022-02-13 22:28:18,67.0953,15.3878,31.05,90,100,5.37,light snow,0.0,0.0
488,Clyde River,CA,2022-02-13 22:18:18,70.4692,-68.5914,-18.17,69,100,18.41,haze,0.0,0.0
489,Pflugerville,US,2022-02-13 22:28:18,30.4394,-97.62,67.68,22,0,4.0,clear sky,0.0,0.0
490,Da Nang,VN,2022-02-13 22:28:18,16.0678,108.2208,71.58,73,75,3.44,broken clouds,0.0,0.0
491,Otradnoye,RU,2022-02-13 22:28:19,59.7775,30.8181,33.87,89,100,12.84,overcast clouds,0.0,0.0
492,Penzance,GB,2022-02-13 22:25:55,50.1186,-5.5371,47.77,71,100,23.98,overcast clouds,0.0,0.0
493,Diego De Almagro,CL,2022-02-13 22:28:19,-26.3667,-70.05,78.04,17,41,10.71,scattered clouds,0.0,0.0
494,Orahovac,XK,2022-02-13 22:28:19,42.3994,20.6547,41.92,95,100,0.94,overcast clouds,0.0,0.0
495,Litovko,RU,2022-02-13 22:28:19,49.2361,135.1742,10.8,97,100,2.82,light snow,0.0,0.0
496,Pemba,MZ,2022-02-13 22:28:20,-12.974,40.5178,75.9,88,20,3.44,thunderstorm,0.0,0.0
497,Temple,US,2022-02-13 22:28:20,31.0982,-97.3428,67.21,22,0,10.36,clear sky,0.0,0.0
498,Zaysan,KZ,2022-02-13 22:28:20,47.4667,84.8667,11.48,89,100,1.83,overcast clouds,0.0,0.0
499,Sandpoint,US,2022-02-13 22:28:12,48.2766,-116.5533,49.6,60,0,3.0,clear sky,0.0,0.0
500,Manama,BH,2022-02-13 22:28:20,26.2154,50.5832,64.38,70,0,10.36,clear sky,0.0,0.0
501,Ayan,RU,2022-02-13 22:18:36,56.45,138.1667,-9.56,83,5,6.67,clear sky,0.0,0.0
502,Korem,ET,2022-02-13 22:28:21,12.5058,39.5228,51.91,88,86,2.95,overcast clouds,0.0,0.0
503,Ayagoz,KZ,2022-02-13 22:28:21,47.9714,80.4392,15.21,94,100,4.92,overcast clouds,0.0,0.0
504,Sovetskiy,RU,2022-02-13 22:28:21,61.3614,63.5842,-12.89,100,83,2.75,broken clouds,0.0,0.0
505,Williams Lake,CA,2022-02-13 22:28:22,52.1415,-122.1445,40.57,51,75,6.91,broken clouds,0.0,0.0
506,Camopi,GF,2022-02-13 22:28:22,3.1655,-52.3158,73.18,98,97,3.53,light rain,0.0,0.0
507,Stornoway,GB,2022-02-13 22:28:22,58.2093,-6.3865,40.93,93,100,8.05,overcast clouds,0.0,0.0
508,Amazar,RU,2022-02-13 22:28:22,53.858,120.875,-9.38,97,99,3.18,overcast clouds,0.0,0.0
509,Blagoyevo,RU,2022-02-13 22:28:23,63.3667,47.9167,3.56,99,90,4.36,overcast clouds,0.0,0.0
510,Lumding,IN,2022-02-13 22:28:23,25.7535,93.1732,51.6,94,0,1.77,clear sky,0.0,0.0
511,Fort-Shevchenko,KZ,2022-02-13 22:28:23,44.5086,50.263,34.84,63,44,11.72,scattered clouds,0.0,0.0
512,Sterling,US,2022-02-13 22:26:58,39.0062,-77.4286,34.36,69,40,8.05,light snow,0.0,0.0
513,Japura,ID,2022-02-13 22:27:48,-0.3167,102.35,73.11,97,100,0.83,overcast clouds,0.0,0.0
514,Krasnyy Chikoy,RU,2022-02-13 22:28:23,50.3643,108.7512,-30.12,100,52,1.95,broken clouds,0.0,0.0
515,Luganville,VU,2022-02-13 22:20:04,-15.5333,167.1667,82.29,82,100,11.77,overcast clouds,0.0,0.0
516,Korla,CN,2022-02-13 22:21:29,41.7597,86.1469,28.35,47,0,4.29,clear sky,0.0,0.0
517,Nanuque,BR,2022-02-13 22:28:24,-17.8392,-40.3539,75.97,88,37,8.81,light rain,0.0,0.0
518,Jambi,ID,2022-02-13 22:28:24,-1.6,103.6167,73.15,97,96,0.76,overcast clouds,0.0,0.0
519,Bull Savanna,JM,2022-02-13 22:28:24,17.8868,-77.5902,79.61,64,15,12.17,few clouds,0.0,0.0
520,Malinovoye Ozero,RU,2022-02-13 22:28:25,51.6753,79.7825,21.97,94,100,10.4,overcast clouds,0.0,0.0
521,Maltahohe,NA,2022-02-13 22:28:25,-24.8333,16.9833,69.94,69,100,3.65,light rain,0.0,0.0
522,Jiexiu,CN,2022-02-13 22:28:25,37.0244,111.9125,28.72,32,39,5.59,scattered clouds,0.0,0.0
523,Quimperle,FR,2022-02-13 22:28:25,47.8667,-3.55,48.94,93,75,9.22,broken clouds,0.0,0.0
524,Nyurba,RU,2022-02-13 22:28:26,63.2842,118.3319,-23.15,100,99,1.43,overcast clouds,0.0,0.0
525,Mercedes,AR,2022-02-13 22:21:02,-34.6515,-59.4307,78.51,31,0,8.72,clear sky,0.0,0.0
526,Aripuana,BR,2022-02-13 22:21:01,-9.1667,-60.6333,75.38,98,99,0.65,overcast clouds,0.0,0.0
527,Rantoul,US,2022-02-13 22:28:26,40.3084,-88.1559,17.19,71,40,7.0,scattered clouds,0.0,0.0
528,Batticaloa,LK,2022-02-13 22:28:26,7.7102,81.6924,77.54,78,98,9.78,overcast clouds,0.0,0.0
529,Oliver,CA,2022-02-13 22:28:26,49.1831,-119.5524,43.93,52,28,4.61,scattered clouds,0.0,0.0
530,Endicott,US,2022-02-13 22:28:05,42.0984,-76.0494,22.41,63,40,12.66,scattered clouds,0.0,0.0
531,Ketchikan,US,2022-02-13 22:20:31,55.3422,-131.6461,46.38,81,100,6.91,overcast clouds,0.0,0.0
532,Podgorenskiy,RU,2022-02-13 22:28:27,50.405,39.6429,12.81,96,16,5.73,few clouds,0.0,0.0
533,Arraias,BR,2022-02-13 22:28:27,-12.9288,-46.9437,69.48,90,92,1.48,overcast clouds,0.0,0.0
534,Honningsvag,NO,2022-02-13 22:28:27,70.9821,25.9704,20.16,86,100,11.61,light snow,0.0,0.0
535,Xicotencatl,MX,2022-02-13 22:28:28,23.0167,-98.8833,66.7,27,97,7.29,overcast clouds,0.0,0.0
536,Rio Gallegos,AR,2022-02-13 22:20:51,-51.6226,-69.2181,53.65,28,0,35.68,clear sky,0.0,0.0
537,Parana,AR,2022-02-13 22:21:58,-31.732,-60.5238,84.29,33,1,3.69,clear sky,0.0,0.0
538,Belyy Yar,RU,2022-02-13 22:21:47,53.6039,91.3903,-25.71,83,93,0.0,mist,0.0,0.0
539,Kozlovo,RU,2022-02-13 22:28:28,56.5167,36.2667,25.38,81,100,13.02,overcast clouds,0.0,0.0
540,College,US,2022-02-13 22:20:10,64.8569,-147.8028,14.22,81,100,3.44,light snow,0.0,0.0
541,Mount Isa,AU,2022-02-13 22:17:55,-20.7333,139.5,78.57,65,24,5.75,few clouds,0.0,0.0
542,Quatre Cocos,MU,2022-02-13 22:20:45,-20.2078,57.7625,81.09,83,84,14.12,light rain,0.0,0.0
543,Karratha,AU,2022-02-13 22:19:39,-20.7377,116.8463,84.87,59,76,5.03,broken clouds,0.0,0.0
544,Tautira,PF,2022-02-13 22:28:28,-17.7333,-149.15,87.82,76,82,16.55,light rain,0.0,0.0
545,Onguday,RU,2022-02-13 22:28:29,50.75,86.15,7.27,94,100,3.04,overcast clouds,0.0,0.0
546,Ambilobe,MG,2022-02-13 22:22:31,-13.2,49.05,72.79,94,66,1.99,broken clouds,0.0,0.0
547,Lavrentiya,RU,2022-02-13 22:22:10,65.5833,-171.0,-20.25,93,30,2.73,scattered clouds,0.0,0.0
548,Guna,IN,2022-02-13 22:28:29,24.65,77.3167,55.63,36,0,7.94,clear sky,0.0,0.0
549,Andijon,UZ,2022-02-13 22:28:29,40.7821,72.3442,42.08,75,100,1.68,overcast clouds,0.0,0.0
550,Phan Thiet,VN,2022-02-13 22:28:30,10.9333,108.1,74.64,84,93,6.55,overcast clouds,0.0,0.0
551,Barra Do Garcas,BR,2022-02-13 22:28:30,-15.89,-52.2567,75.36,93,35,4.79,scattered clouds,0.0,0.0
552,Tianpeng,CN,2022-02-13 22:28:30,30.9866,103.9393,46.87,76,100,3.15,overcast clouds,0.0,0.0
553,Nouadhibou,MR,2022-02-13 22:22:14,20.931,-17.0347,66.18,77,100,18.41,overcast clouds,0.0,0.0
554,Xai-Xai,MZ,2022-02-13 22:22:39,-25.0519,33.6442,74.26,89,0,6.91,clear sky,0.0,0.0
555,Novikovo,RU,2022-02-13 22:28:31,51.1537,37.8879,14.41,92,20,5.91,few clouds,0.0,0.0
556,Poum,NC,2022-02-13 22:24:06,-20.2333,164.0167,81.77,76,96,11.39,overcast clouds,0.0,0.0
557,Segou,ML,2022-02-13 22:28:31,13.4317,-6.2157,75.09,13,3,9.42,clear sky,0.0,0.0
558,Luwuk,ID,2022-02-13 22:21:45,-0.9516,122.7875,76.57,85,100,3.87,overcast clouds,0.0,0.0
559,Anloga,GH,2022-02-13 22:28:31,5.7947,0.8973,82.62,82,70,12.82,light rain,0.0,0.0
560,San Nicolas,PH,2022-02-13 22:28:31,18.1725,120.5953,75.11,100,75,2.3,broken clouds,0.0,0.0
561,Mulhouse,FR,2022-02-13 22:28:32,47.6667,7.4167,42.44,56,0,6.91,clear sky,0.0,0.0
562,Podgornoye,RU,2022-02-13 22:28:32,51.735,39.1496,25.02,63,0,11.18,clear sky,0.0,0.0
563,Catamarca,AR,2022-02-13 22:28:32,-28.4696,-65.7852,79.77,46,15,4.0,few clouds,0.0,0.0
564,Lowestoft,GB,2022-02-13 22:28:33,52.4752,1.7516,49.44,95,100,30.91,overcast clouds,0.0,0.0
565,Norrtalje,SE,2022-02-13 22:28:33,59.758,18.705,39.13,86,100,12.93,overcast clouds,0.0,0.0
566,Ibra,OM,2022-02-13 22:22:39,22.6906,58.5334,64.56,55,0,4.07,clear sky,0.0,0.0
567,Tazovskiy,RU,2022-02-13 22:22:08,67.4667,78.7,-9.45,96,35,10.92,scattered clouds,0.0,0.0
568,Santo Domingo,DO,2022-02-13 22:23:47,18.5001,-69.9886,83.84,69,20,6.91,few clouds,0.0,0.0
569,Ngunguru,NZ,2022-02-13 22:28:33,-35.6167,174.5,68.16,61,90,8.03,overcast clouds,0.0,0.0
570,Abu Samrah,SY,2022-02-13 22:28:33,35.3029,37.1841,48.4,69,0,7.07,clear sky,0.0,0.0
571,Nong Phai,TH,2022-02-13 22:28:34,15.9903,101.0618,81.12,75,95,1.45,light rain,0.0,0.0
572,Svetlyy,RU,2022-02-13 22:28:34,54.675,20.1347,35.65,73,100,16.8,overcast clouds,0.0,0.0
573,Waingapu,ID,2022-02-13 22:28:34,-9.6567,120.2641,77.47,85,73,4.21,broken clouds,0.0,0.0
574,Rock Springs,US,2022-02-13 22:25:03,41.5875,-109.2029,49.44,19,0,18.41,clear sky,0.0,0.0
575,San Rafael,AR,2022-02-13 22:28:33,-34.6177,-68.3301,87.4,15,5,12.55,clear sky,0.0,0.0
576,Yumen,CN,2022-02-13 22:28:35,40.2833,97.2,25.88,44,96,12.93,overcast clouds,0.0,0.0
577,Santana Do Matos,BR,2022-02-13 22:28:35,-5.9575,-36.6556,84.76,53,98,13.8,overcast clouds,0.0,0.0
578,Cuamba,MZ,2022-02-13 22:28:35,-14.8031,36.5372,69.04,98,100,0.56,light rain,0.0,0.0
579,Bacolod,PH,2022-02-13 22:28:35,10.6667,122.95,75.63,85,99,4.92,overcast clouds,0.0,0.0
580,Kaeo,NZ,2022-02-13 22:24:02,-35.1,173.7833,68.32,74,85,5.59,overcast clouds,0.0,0.0
581,Manta,EC,2022-02-13 22:28:36,-0.95,-80.7333,78.84,75,67,10.31,broken clouds,0.0,0.0
582,Raga,SS,2022-02-13 22:28:36,8.4596,25.678,72.45,13,35,4.18,scattered clouds,0.0,0.0
583,Lotofaga,WS,2022-02-13 22:28:36,-13.9764,-171.8578,91.18,77,54,9.37,broken clouds,0.0,0.0
584,Praia Da Vitoria,PT,2022-02-13 22:28:36,38.7333,-27.0667,57.45,77,75,6.35,broken clouds,0.0,0.0
585,Ayorou,NE,2022-02-13 22:28:37,14.7308,0.9174,76.44,10,0,6.17,clear sky,0.0,0.0
586,Yamada,JP,2022-02-13 22:28:37,39.4667,141.95,31.55,62,97,3.76,overcast clouds,0.0,0.0
587,Mmathubudukwane,BW,2022-02-13 22:28:37,-24.6,26.4333,72.46,37,6,1.97,clear sky,0.0,0.0
588,Margate,GB,2022-02-13 22:20:13,51.3813,1.3862,49.96,88,100,13.0,light rain,0.0,0.0
589,Luchegorsk,RU,2022-02-13 22:28:38,46.4764,134.2569,-10.62,100,88,0.81,overcast clouds,0.0,0.0
590,Ocos,GT,2022-02-13 22:28:38,14.5094,-92.1933,93.7,62,0,11.05,clear sky,0.0,0.0
591,Jalu,LY,2022-02-13 22:20:25,29.0331,21.5482,55.24,52,66,7.14,broken clouds,0.0,0.0
592,Vila,PT,2022-02-13 22:28:38,42.0304,-8.1588,41.32,93,93,6.51,light rain,0.0,0.0
593,Komsomolskiy,UZ,2022-02-13 22:28:38,40.4272,71.7189,35.02,84,100,0.67,overcast clouds,0.0,0.0
594,Emerald,AU,2022-02-13 22:28:39,-23.5333,148.1667,77.14,61,0,11.5,clear sky,0.0,0.0
595,Mungeli,IN,2022-02-13 22:28:39,22.0667,81.6833,55.4,32,0,4.38,clear sky,0.0,0.0
596,Parit Buntar,MY,2022-02-13 22:28:39,5.1267,100.4932,79.95,92,91,3.33,overcast clouds,0.0,0.0
597,Boden,SE,2022-02-13 22:28:39,65.8252,21.6886,15.8,89,100,9.04,overcast clouds,0.0,0.0
598,Nang Rong,TH,2022-02-13 22:28:40,14.6377,102.7914,79.84,79,92,10.98,overcast clouds,0.0,0.0
599,Westport,US,2022-02-13 22:26:31,41.1415,-73.3579,30.78,72,100,12.66,overcast clouds,0.0,0.0
600,Ahipara,NZ,2022-02-13 22:20:47,-35.1667,173.1667,67.37,60,87,9.13,overcast clouds,0.0,0.0
601,Ust-Nera,RU,2022-02-13 22:21:16,64.5667,143.2,-35.75,96,58,1.41,broken clouds,0.0,0.0
602,Ibicui,BR,2022-02-13 22:28:40,-14.8417,-39.9867,71.6,94,85,3.58,overcast clouds,0.0,0.0
603,Chenzhou,CN,2022-02-13 22:27:41,25.8,113.0333,38.77,97,89,2.44,overcast clouds,0.0,0.0
604,Folldal,NO,2022-02-13 22:28:40,62.1325,9.9968,24.19,99,99,3.94,overcast clouds,0.0,0.0
605,Marsa Matruh,EG,2022-02-13 22:28:41,31.3525,27.2453,53.8,76,40,4.61,scattered clouds,0.0,0.0
606,Sassandra,CI,2022-02-13 22:28:41,4.95,-6.0833,76.46,90,75,3.89,moderate rain,0.0,0.0
607,Rio Branco,BR,2022-02-13 22:28:41,-9.9747,-67.81,83.01,78,40,2.3,scattered clouds,0.0,0.0
608,Tombouctou,ML,2022-02-13 22:28:41,20.0,-3.0,61.83,20,16,11.63,few clouds,0.0,0.0
609,Jasper,US,2022-02-13 22:28:42,37.2001,-94.3502,44.53,34,0,12.66,clear sky,0.0,0.0
610,Montrose,US,2022-02-13 22:28:42,38.4166,-108.2673,42.78,34,0,0.69,clear sky,0.0,0.0
611,Karaidel,RU,2022-02-13 22:28:42,55.8337,56.9069,3.85,99,100,2.53,overcast clouds,0.0,0.0
612,Oneonta,US,2022-02-13 22:28:25,42.4529,-75.0638,22.08,67,100,9.44,overcast clouds,0.0,0.0
613,Mbuyapey,PY,2022-02-13 22:28:43,-26.2,-56.75,86.79,38,31,5.75,scattered clouds,0.0,0.0
614,Luderitz,NA,2022-02-13 22:20:36,-26.6481,15.1594,72.81,65,0,10.83,clear sky,0.0,0.0
615,Cabatuan,PH,2022-02-13 22:28:43,10.8794,122.486,74.19,92,98,8.16,overcast clouds,0.0,0.0
616,Moerai,PF,2022-02-13 22:20:10,-22.4333,-151.3333,78.31,75,100,11.18,overcast clouds,0.0,0.0
617,El Vigia,VE,2022-02-13 22:28:43,8.6219,-71.6506,86.65,60,75,3.58,broken clouds,0.0,0.0
618,Porkhov,RU,2022-02-13 22:28:44,57.765,29.5561,33.69,80,100,13.09,light snow,0.0,0.0
619,Aleksandrovsk,RU,2022-02-13 22:28:44,59.158,57.5624,7.16,99,97,1.25,overcast clouds,0.0,0.0
620,Clonakilty,IE,2022-02-13 22:28:44,51.6231,-8.8706,40.21,80,5,8.25,clear sky,0.0,0.0
621,Carndonagh,IE,2022-02-13 22:28:44,55.25,-7.2667,42.37,88,100,11.1,overcast clouds,0.0,0.0
622,Krasnoselkup,RU,2022-02-13 22:21:00,65.7,82.4667,-1.43,93,71,13.42,broken clouds,0.0,0.0
623,Kualakapuas,ID,2022-02-13 22:28:45,-3.0091,114.3876,75.36,93,99,1.21,overcast clouds,0.0,0.0
624,Marzuq,YE,2022-02-13 22:28:45,14.4,46.4667,57.74,47,3,3.44,clear sky,0.0,0.0
625,Pitimbu,BR,2022-02-13 22:28:45,-7.4706,-34.8086,82.99,75,7,11.86,clear sky,0.0,0.0
626,Maturin,VE,2022-02-13 22:25:32,9.75,-63.1767,83.07,46,88,13.02,overcast clouds,0.0,0.0
627,Mykolayiv,UA,2022-02-13 22:28:46,46.9659,31.9974,32.4,54,4,4.85,clear sky,0.0,0.0
628,Miles City,US,2022-02-13 22:28:46,46.4083,-105.8406,50.97,32,0,18.41,clear sky,0.0,0.0
629,Lipin Bor,RU,2022-02-13 22:28:46,60.2622,37.9763,28.2,90,100,12.73,overcast clouds,0.0,0.0
630,Kachiry,KZ,2022-02-13 22:28:47,53.0675,76.1036,-4.45,98,12,7.92,few clouds,0.0,0.0
631,The Valley,AI,2022-02-13 22:28:47,18.217,-63.0578,77.14,73,75,17.27,broken clouds,0.0,0.0
632,Russell,US,2022-02-13 22:22:09,32.3502,-85.1999,52.88,24,0,19.57,clear sky,0.0,0.0
633,Sfantu Gheorghe,RO,2022-02-13 22:25:04,45.8667,25.7833,30.27,85,100,2.62,overcast clouds,0.0,0.0
634,Bambanglipuro,ID,2022-02-13 22:28:47,-7.95,110.2833,60.6,93,100,5.84,moderate rain,0.0,0.0
635,Khorramshahr,IR,2022-02-13 22:28:48,30.4397,48.1664,55.36,62,0,4.61,clear sky,0.0,0.0
636,Lakhisarai,IN,2022-02-13 22:28:48,25.1768,86.0932,52.92,59,0,3.94,clear sky,0.0,0.0
637,Bolobo,CD,2022-02-13 22:28:48,-2.1667,16.2333,72.72,91,100,4.94,light rain,0.0,0.0
638,Tiznit,MA,2022-02-13 22:20:26,29.5833,-9.5,54.32,67,0,1.83,clear sky,0.0,0.0
639,Morales,CO,2022-02-13 22:28:49,2.757,-76.6172,65.03,95,100,3.0,overcast clouds,0.0,0.0
640,Sant Feliu De Guixols,ES,2022-02-13 22:28:49,41.7833,3.0333,56.89,50,16,22.7,few clouds,0.0,0.0
641,Muncar,ID,2022-02-13 22:28:49,-8.4333,114.3333,75.25,94,100,3.15,overcast clouds,0.0,0.0
642,Hirara,JP,2022-02-13 22:28:49,24.8,125.2833,66.06,94,75,28.77,broken clouds,0.0,0.0
643,Port Hawkesbury,CA,2022-02-13 22:28:50,45.6169,-61.3485,24.91,82,100,5.75,overcast clouds,0.0,0.0
644,Puerto Leguizamo,CO,2022-02-13 22:28:50,-0.1934,-74.7819,81.9,72,100,2.26,light rain,0.0,0.0
645,Manokwari,ID,2022-02-13 22:21:37,-0.8667,134.0833,77.9,76,100,4.94,overcast clouds,0.0,0.0
646,Raymondville,US,2022-02-13 22:28:50,26.4815,-97.7831,65.23,21,94,6.38,overcast clouds,0.0,0.0
647,Yenotayevka,RU,2022-02-13 22:28:50,47.2456,47.0281,30.9,70,0,12.46,clear sky,0.0,0.0
648,Pauini,BR,2022-02-13 22:25:27,-7.7136,-66.9764,75.92,96,94,3.65,moderate rain,0.0,0.0
649,Rio Hato,PA,2022-02-13 22:28:51,8.3833,-80.1667,88.79,58,20,13.8,few clouds,0.0,0.0
650,El Espinal,MX,2022-02-13 22:28:51,16.3333,-94.0667,72.23,58,99,22.77,overcast clouds,0.0,0.0
651,Mokhotlong,LS,2022-02-13 22:28:51,-29.2894,29.0675,57.29,82,93,2.3,overcast clouds,0.0,0.0
652,Hualmay,PE,2022-02-13 22:28:51,-11.0964,-77.6139,74.97,72,9,11.59,clear sky,0.0,0.0
653,Karonga,MW,2022-02-13 22:28:52,-9.9333,33.9333,72.21,79,98,4.07,overcast clouds,0.0,0.0
654,Basco,PH,2022-02-13 22:24:43,20.4487,121.9702,75.88,83,86,3.44,overcast clouds,0.0,0.0
655,Scarborough,GB,2022-02-13 22:18:34,54.2797,-0.4044,48.52,89,100,4.0,overcast clouds,0.0,0.0
656,Rawlins,US,2022-02-13 22:28:52,41.7911,-107.2387,44.49,26,0,20.71,clear sky,0.0,0.0
657,Chimoio,MZ,2022-02-13 22:28:52,-19.1164,33.4833,71.46,94,40,0.96,scattered clouds,0.0,0.0
658,Ulundi,ZA,2022-02-13 22:28:53,-28.3352,31.4162,73.78,86,99,3.89,overcast clouds,0.0,0.0
659,Polis,CY,2022-02-13 22:28:53,35.0367,32.4264,53.42,72,80,6.78,broken clouds,0.0,0.0
660,Qaqortoq,GL,2022-02-13 22:21:28,60.7167,-46.0333,25.3,88,100,3.89,overcast clouds,0.0,0.0
661,Haines Junction,CA,2022-02-13 22:21:32,60.7522,-137.5108,22.95,68,100,2.3,overcast clouds,0.0,0.0
662,Takoradi,GH,2022-02-13 22:26:30,4.8845,-1.7554,78.71,87,61,7.0,light rain,0.0,0.0
663,Sestri Levante,IT,2022-02-13 22:28:53,44.2732,9.3968,49.64,71,82,3.0,broken clouds,0.0,0.0
664,Kerema,PG,2022-02-13 22:28:54,-7.9631,145.7785,79.97,76,82,1.88,broken clouds,0.0,0.0
665,Marquette,US,2022-02-13 22:28:54,46.5333,-87.6335,11.34,67,100,2.15,overcast clouds,0.0,0.0
666,Gallup,US,2022-02-13 22:25:21,35.5281,-108.7426,61.56,11,0,10.36,clear sky,0.0,0.0
667,San Juan,AR,2022-02-13 22:22:08,-31.5375,-68.5364,86.31,22,17,4.83,few clouds,0.0,0.0
668,Saint-Pierre,RE,2022-02-13 22:21:30,-21.3393,55.4781,78.48,78,0,11.5,clear sky,0.0,0.0
669,Itupiranga,BR,2022-02-13 22:28:54,-5.1347,-49.3267,79.12,93,100,0.81,overcast clouds,0.0,0.0
670,Mangla,PK,2022-02-13 22:28:54,31.8931,72.3817,53.1,58,88,5.03,overcast clouds,0.0,0.0
671,Nabire,ID,2022-02-13 22:25:05,-3.3667,135.4833,75.96,91,100,3.09,overcast clouds,0.0,0.0
672,Ishim,RU,2022-02-13 22:28:55,56.1128,69.4902,-15.21,100,95,3.89,overcast clouds,0.0,0.0
673,Polson,US,2022-02-13 22:28:55,47.6936,-114.1632,44.11,68,67,1.88,broken clouds,0.0,0.0
674,Carutapera,BR,2022-02-13 22:20:46,-1.195,-46.02,76.59,92,100,6.04,overcast clouds,0.0,0.0
675,Hami,CN,2022-02-13 22:17:53,42.8,93.45,25.21,48,37,4.61,scattered clouds,0.0,0.0
676,Masvingo,ZW,2022-02-13 22:28:55,-20.0637,30.8277,64.62,55,0,3.53,clear sky,0.0,0.0
677,Jurm,AF,2022-02-13 22:28:56,36.8648,70.8342,34.2,86,100,2.66,overcast clouds,0.0,0.0
678,Erzin,TR,2022-02-13 22:28:56,36.9559,36.2,45.32,78,51,2.37,broken clouds,0.0,0.0
679,Nemuro,JP,2022-02-13 22:21:25,43.3236,145.575,26.82,86,100,11.01,overcast clouds,0.0,0.0
680,Kota,IN,2022-02-13 22:28:56,25.1833,75.8333,58.14,34,0,4.38,clear sky,0.0,0.0
